{
    "precision": 0.8698918482797039,
    "recall": 0.8618597803657363,
    "f1": 0.8653676648506251,
    "accuracy": 0.9423343980002777
}