{
    "PRT": {
        "precision": 0.8671328671328671,
        "recall": 0.8516483516483516,
        "f1": 0.8593208593208593
    },
    "ADJ": {
        "precision": 0.8822797411647586,
        "recall": 0.8644233113874664,
        "f1": 0.8732602537258283
    },
    "NOUN": {
        "precision": 0.9500903342366757,
        "recall": 0.9262439453985029,
        "f1": 0.9380156075808249
    },
    "PRON": {
        "precision": 0.9468849840255591,
        "recall": 0.9614760746147607,
        "f1": 0.9541247484909456
    },
    "CONJ": {
        "precision": 0.9828571428571429,
        "recall": 0.9905759162303664,
        "f1": 0.9867014341590613
    },
    "ADV": {
        "precision": 0.8926654740608229,
        "recall": 0.8869534305012442,
        "f1": 0.8898002853067047
    },
    "ADP": {
        "precision": 0.921887604194676,
        "recall": 0.9698727015558699,
        "f1": 0.9452715743038324
    },
    "VERB": {
        "precision": 0.964742126882702,
        "recall": 0.9315777875716175,
        "f1": 0.9478699551569507
    },
    ".": {
        "precision": 0.982046204620462,
        "recall": 1.0,
        "f1": 0.9909417876648462
    },
    "X": {
        "precision": 0.16666666666666666,
        "recall": 0.15,
        "f1": 0.15789473684210525
    },
    "NUM": {
        "precision": 0.9379084967320261,
        "recall": 0.8223495702005731,
        "f1": 0.8763358778625954
    },
    "DET": {
        "precision": 0.9435405367820887,
        "recall": 0.9871962752800815,
        "f1": 0.9648748577929466
    }
}